email,name,city,category,phone,website,siren
abpeinture@outlook.com,AB Peinture - Peintre intérieur Saint-Raphaël,Saint-Raphaël,painter,+33 7 82 49 47 98,https://www.abpeinture-decoration.fr/,
ac.concept.83@gmail.com,AC CONCEPT,Fréjus,painter,+33 4 94 49 16 32,https://www.acconcept83.fr/,827555772
contact@acc83.fr,ACC Saint Raphaël,Saint-Raphaël,consultant,+33 4 94 51 81 70,https://www.acc-expert-comptable.com/,
contact@accentorestaurant.fr,Accènto,Fréjus,italian_restaurant,+33 4 94 17 11 66,https://accentorestaurant.fr/,
info@actiroute.com,ActiROUTE - Stages permis à points à Fréjus,Fréjus,educational_institution,+33 4 65 84 58 01,https://www.actiroute.com/stage-de-recuperation-de-points/lieux-stage/hotel-kyriad-a-frejus/?utm_source=google&utm_medium=gmb&utm_campaign=actiroute-frejus-1494,
lilia.saadi@adseniors.fr,AD Seniors Littoral,Saint-Raphaël,meal_delivery,+33 7 88 27 12 02,https://www.adseniors.com/agence/ad-seniors-saint-raphael/,
contact@adaagri.eu,ADAAGRI,Fréjus,consultant,+33 6 99 92 06 03,http://www.adaagri.eu/,
contact@addict-paris.fr,Addict Paris Coiffure,Saint-Raphaël,hair_salon,+33 9 88 01 22 71,https://www.addict-paris.fr/salon.saint_raphael-12.htm,
contact@imica.fr,Afchain Philippe,Fréjus,service,+33 4 94 82 96 34,http://afchain-archi.fr/,
afitgymlateste@gmail.com,Afit gym Saint Raphaël,Fréjus,gym,+33 4 94 53 21 42,https://www.afitgym.fr/,
contact@agaysoleil.com,Agay Soleil,Saint-Raphaël,camp_site,+33 4 94 82 00 79,https://www.camping-agay-soleil.com/,
contact@la-boite-immo.com,AGENCE B&B IMMOBILIER FREJUS CENTRE,Fréjus,service,+33 6 65 93 81 68,https://www.agencebb.fr/,
contact@techniques-urbaines.fr,Agence Guillermin - Architectes Paysagistes Concepteurs,Saint-Raphaël,general_contractor,+33 4 94 19 41 97,http://www.agence-guillermin.fr/,
contact@whitley-immobilier.fr,Agence Immobilière - Fréjus / Saint Raphael - Whitley Real Estate,Fréjus,real_estate_agency,+33 6 58 00 95 51,https://www.whitley-immobilier.com/,
info@agi-immobilier.fr,Agence immobilière AGI Arthurimmo.com Saint-Raphaël,Saint-Raphaël,real_estate_agency,+33 4 94 52 62 82,http://www.agi-immobilier.fr/,
lacle83600@gmail.com,"Agence immobilière Fréjus La Clé D'Hermès : Conciergerie, location de vacances, transaction ...",Fréjus,real_estate_agency,+33 4 94 53 26 95,https://lacledhermes.com/,
contact@useweb.fr,Agence immobilière Laforêt Frejus,Fréjus,real_estate_agency,+33 4 94 52 52 80,https://www.laforet.com/agence-immobiliere/frejus?utm_source=google&utm_medium=mybusiness,
agence@rastelagay.com,Agence Rastel d'Agay,Saint-Raphaël,estate_agent,+33 4 94 82 01 95,https://www.rastelagay.com,
contact@saintfrancoisimmobilier.com,Agence Saint François Immobilier Frejus,Fréjus,real_estate_agency,+33 4 94 53 78 19,http://www.saintfrancoisimmobilier.fr/,
contact@fitpark.fr,Aire de Musculation,Fréjus,sports_club,+33 4 94 51 91 10,http://fitpark.fr/,
kinesaintaygulf@gmail.com,AKTIV' Kinésithérapeute Sancerne & Collaborateurs,Saint-Raphaël,physiotherapist,+33 4 98 12 28 84,https://www.kine-saintaygulf-saintraphael.com/,
info@webdentiste.eu,Alexandre Fèvre - Dentiste,Saint-Raphaël,dentist,+33 4 94 44 54 05,http://dr-alexandre-fevre.chirurgiens-dentistes.fr/,
alain.marcelli@gmail.com,AM Tech Services,Saint-Raphaël,electrician,+33 6 23 58 51 46,https://www.amts-elec.com/?utm_medium=referral&utm_source=gmb&utm_campaign=lnk-gmb,
contact@ambiancesinterieur.com,Ambiances d'Intérieur,Fréjus,,,https://www.ambiancesinterieur.com/,
secretariat@amslfrejus.com,AMSLF Musculation / Fitness - Salle Roland Surfaro,Fréjus,gym,+33 4 94 53 87 48,https://www.amslfrejus.com/musculation-fitness/,
contact@andelim.com,Andélim,Fréjus,estate_agent,+33 4 89 55 50 20,http://www.andelim.com/,
contact@aosolutions.fr,AO Solutions,Saint-Raphaël,plumber,+33 6 18 75 83 77,https://aosolutions.fr/,
apartedubienetre@gmail.com,Aparte du bien etre,Saint-Raphaël,beauty_salon,+33 6 80 02 68 85,http://apartedubienetre.fr/,
support@one.com,Appart Hôtel - Zenao Appart's Fréjus,Fréjus,extended_stay_hotel,+33 4 22 62 35 89,https://www.zenao-apparthotel.com/room/zenao-frejus/,
contact@architecture-cm.com,Architecture CM Caroline Maykuchel,Saint-Raphaël,service,+33 6 61 83 88 53,http://www.architecture-cm.com/,
c.catanese@areas.fr,Areas Assurances,Saint-Raphaël,insurance,,https://www.areas.fr/agence-assurance/83700/c.catanese-st-raphael,
info@argens.immo,ARGENS IMMOBILIER,Fréjus,estate_agent,+33 4 94 40 44 40,https://argens.immo,445294622
support@ovhcloud.com,ARM RENOV-Entreprise Electricité,Fréjus,electrician,+33 6 25 02 42 33,http://www.armrenov.fr/,
jeandupont@mail.fr,Art Déco Façade,Saint-Raphaël,service,+33 4 94 51 24 56,https://www.art-deco-facade-83.fr/,
art-fleurs@orange.fr,Art et Fleurs,Saint-Raphaël,florist,+33 4 94 52 16 55,https://artetfleurs.fr/,
eboutique@kokoonshop.com,ARTHEME DIFFUSION,Fréjus,,+33 4 94 77 12 11,http://www.kokoonshop.fr,443335708
contact@aff-idf.fr,Artisan France Fenêtre,Saint-Raphaël,supplier,+33 4 65 26 09 20,https://artisan-france-fenetre.fr/,
contact@addictions-france.org,ASSOCIATION NATIONALE DE PREVENTION EN ALCOOLOGIE ET ADDICTOLOGIE (ANPAA),Fréjus,,+33 4 94 40 22 46,https://addictions-france.org/,775660087
info@assudire.fr,Assudire,Fréjus,insurance_agency,+33 4 89 78 15 49,http://www.assudire.fr/,
droitdacces@generali.fr,Assurance Generali - Sarl C l C - Omega Cerceron,Saint-Raphaël,insurance_agency,+33 4 94 83 90 94,https://www.generali.fr/agence/saint-raphael-omega/provence-alpes-cote-dazur/assurance/?utm_source=google.com&utm_medium=organic&utm_campaign=site_web_google_my_business&zanpid=levier--organic__source--Web__campagne--site_web_google_my_business__adid--__asset--__parent--google__enfant--google_my_business__,
atelierarchitecturedumidi@orange.fr,ATELIER GIOVENCO,Fréjus,service,+33 4 94 82 28 66,http://ateliergiovenco.fr/contact/,490248481
pierre.chauveau@atelierpca.com,Atelier PCA - Architecte - Pierre Chauveau,Fréjus,service,+33 6 74 25 08 29,https://www.atelierpca.com/,
contact@a-sg.fr,Atelier San Gregorio | Architecture,Fréjus,service,+33 4 94 96 40 84,https://www.ateliersangregorio.fr/,
faureeric@orange.fr,Ateliers De La Fenêtre,Fréjus,general_contractor,+33 4 94 17 19 91,https://www.atelier-de-la-fenetre.com/?utm_medium=referral&utm_source=gmb&utm_campaign=lnk-gmb,
contact@atriumsud.fr,Atrium-Sud Conseil Immobilier,Saint-Raphaël,real_estate_agency,+33 4 94 83 19 96,http://www.atriumsud.fr/,
aubergeprovencale83@orange.fr,Auberge Provençale,Saint-Raphaël,hotel,+33 4 94 82 02 29,http://www.aubergeprovencale.net/,
3aurelien@free.fr,AuRawLien.photo,Saint-Raphaël,service,+33 6 02 24 91 03,https://aurawlienphoto.odoo.com/,
info@pepsconduite.com,Auto Ecole Pep's Conduite,Fréjus,educational_institution,+33 4 94 52 20 44,http://pepsconduite.com/,
contact@cerfrejus.fr,Auto-école CER Caïs,Fréjus,educational_institution,+33 4 94 44 25 56,https://www.cer-frejus.fr/,
contact@tables-auberges.com,Autres Ray'Son,Fréjus,french_restaurant,+33 4 94 17 11 21,https://www.tables-auberges.com/hotels-restaurants/83-var/frejus/27-restaurant-autres-rayson,
direction@avi-fils.com,AVI STORES ET FERMETURES,Fréjus,store,+33 4 94 53 59 95,https://www.avi-fils.com/,
contact@avocat-jeanne.com,Avocat Maître Jeanne Saint-Raphaël,Saint-Raphaël,lawyer,+33 4 94 55 51 29,https://avocat-jeanne-var.fr/,
avocat.severin@gmail.com,Avocat pénaliste ST AYGULF Laura Severin - GARDE À VUE - CRPC - COMPARUTION IMMÉDIATE - COMPOSITION PÉNALE,Fréjus,lawyer,+33 7 83 01 63 06,https://avocat-severin-bruxelles.com/,
paul.lopez.am@axa.fr,AXA Assurance et Banque Aissi Lugat,Fréjus,insurance_agency,+33 4 94 44 44 64,https://agence.axa.fr/distributeur/0004610304?utm_campaign=Multidiffusion&utm_content=0004610304&utm_medium=local&utm_source=GMB,
agence.tabbagh@axa.fr,AXA Assurance et Banque Gregoire Tabbagh,Fréjus,insurance_agency,+33 4 94 51 85 75,http://www.assurance-axa-frejus.fr/?utm_source=gmb,
dpd@azae.com,Azaé Fréjus,Saint-Raphaël,service,+33 4 94 81 62 36,https://www.azae.com/index-des-agences-par-ville/agence-azae-frejus-83700-92.html?utm_source=multidif&utm_medium=organic,
support-fr@support.gandi.net,AZUR & OPTIC - Opticien à Saint-Raphaël,Saint-Raphaël,store,+33 4 94 83 73 22,https://azuroptic.fr/,
contact@azurassistance.fr,Azur Assistance Serrurerie,Fréjus,locksmith,+33 4 89 99 07 96,https://azurassistance-frejus.fr/6-serrurier-fr%C3%A9jus-d%C3%A9pannage-urgence--t%C3%A9l-04-94-53-36-44-d%C3%A9pannage-24h7j-installation-d%C3%A9pannage-serrurerie-urgence,
4gx@2jtnfhadk7hrzj5kz.oiqmeptinl,Azur Juris Albertini Delphine,Saint-Raphaël,consultant,+33 4 94 95 58 56,http://www.azur-juris.com/,
azurmarket83@gmail.com,Azur Market,Fréjus,supermarket,+33 4 89 25 68 81,https://azurmarket.fr/,
contact@azurepilates.com,Azure Pilates Club,Saint-Raphaël,gym,+33 6 42 09 90 37,https://azurepilates.com/,
contact@azurecca.com,Azurecca,Fréjus,accounting,+33 6 12 14 44 61,https://www.azurecca.com/,
contact@azureva-vacances.com,AZUREVA,Fréjus,,+33 4 94 05 14 14,https://www.azureva-vacances.com/fr/hebergement/village-vacances-la-londe-les-maures/,322958885
magasin@banette.fr,Banette,Fréjus,bakery,+33 4 94 95 07 82,https://www.banette.fr/boulangerie/boulaire-st-raphael.html,
contact@barrault.com,BARRAULT,Fréjus,,+33 4 98 11 09 01,https://www.barrault.com/?utm_source=gmb,025480401
remote.reply@basic-fit.de,BASIC-FIT FRANCE (BASIC FIT FRANCE),Fréjus,,+33 1 59 20 24 20,https://www.basic-fit.com/fr-fr/clubs/basic-fit-fr%C3%A9jus-traverse-de-la-magdeleine-0d7ef20fc199483788c00369270dc6d6.html?utm_medium=yext&utm_source=gmb,798233011
marie@gmail.com,Bassi Marie,Fréjus,finance,+33 4 28 70 09 00,https://www.signacture-notaires-var.fr/,
contact@baude-electricite.comr,Baude Electricité - Climatisation,Fréjus,electrician,+33 6 81 23 41 11,https://baude-electricite.com/,
contact@rhonalpcom.fr,Beau Séjour,Fréjus,hotel,,https://www.beausejour-hotel.com/,
santos.martini@yahoo.fr,BERSAN Immobilier Fréjus - Tour de Mare,Fréjus,real_estate_agency,+33 4 22 54 04 70,https://www.bersanimmobilier.com/content/5/agence-de-frejus.html,
prestigesoissons@sfr.fr,Bijouterie Prestige,Fréjus,jewelry,+33 4 94 95 23 16,https://www.bijouterie-prestige.fr/,
pierre@mail.fr,Bio C' Bon,Saint-Raphaël,supermarket,,https://bio-c-bon.eu/fr/nos_magasins/bio-c-bon-saint-raphael,
contact@biocoiff.com,Biocoiff' - Coiffeur Bio Fréjus et Colorations Végétales,Fréjus,hair_salon,+33 4 94 51 52 09,https://www.biocoiff.com/frejus/,
bieredelarena@gmail.com,Bière de l'aréna brewpub,Fréjus,bar,+33 6 59 85 59 07,https://www.bieredelarena.com/,
magali.benhaya5748@blackstore.fr,Blackstore,Fréjus,clothes,,https://www.blackstore.fr/,
accueil.officeagay@83072.notaires.fr,BLANC Elisabeth & MANCINI Pierre,Saint-Raphaël,finance,+33 4 94 82 01 86,https://blanc-mancini-agay.notaires.fr/,
info@blanchisseriedazur.fr,Blanchisserie d'Azur Histoire d'eau,Fréjus,laundry,,http://www.blanchisseriedazur.fr/,
web@mercialys.com,BLUE SARK,Fréjus,,,https://www.la-galerie.com/frejus,490356102
contact@boucherie-bruno-traiteur.fr,Boucherie Bruno,Fréjus,food_store,+33 4 94 81 03 03,https://www.boucherie-bruno-traiteur.fr/,
contact@bouddha-gourmand.com,Bouddha Gourmand,Fréjus,fast_food,+33 4 94 52 32 58,https://bouddha-gourmand.com/,
contact@bousquet-avocat-var.fr,Bousquet Sylvaine,Saint-Raphaël,lawyer,+33 4 89 25 56 25,https://bousquet-avocat-var.fr/,
contact@bouygues-immobilier.com,BOUYGUES IMMOBILIER,Fréjus,,+33 4 93 18 43 00,https://www.bouygues-immobilier.com/alpes-maritimes/nice?utm_source=GMB&utm_medium=social_cmt&utm_campaign=Nice,562091546
contact@breadfactory.fr,Bread Factory,Fréjus,bakery,+33 4 94 44 24 20,https://www.breadfactory.fr/,
support@ovh.net,BUREAU ALPES CONTROLES,Fréjus,,+33 4 83 16 40 11,https://www.alpes-controles.fr/,351812698
info-fr@bureauveritas.com,BUREAU VERITAS CONSTRUCTION,Fréjus,,+33 9 69 39 10 09,https://www.bureauveritas.fr/?utm_medium=GMB,790182786
jerome.burgi@burgi-immobilier.com,BURGI IMMOBILIER,Saint-Raphaël,real_estate_agency,+33 6 11 52 42 89,http://burgi-immobilier.com/,
contact@skiill.fr,Cabinet De Recrutement Et De Formation Skiill,Fréjus,employment_agency,+33 4 94 17 01 00,https://skiill.fr/,
jean.dupont@email.fr,Cabinet Dentaire - Dr. MOCANESCU - Dr. NASTASE - Dentiste,Fréjus,dentist,+33 4 94 51 17 87,https://www.doctolib.fr/dentiste/frejus/adina-mocanescu-nastase,
contact@alphadentistes.com,Cabinet dentaire Alpha Dentistes,Saint-Raphaël,dental_clinic,+33 4 98 23 29 14,http://www.alphadentistes.com/,
secretariat@cabinetpothet.com,CABINET POTHET - Fréjus,Fréjus,lawyer,+33 4 94 40 39 39,http://www.cabinetpothet.com/,
cabinet@avocats-tumerelle.fr,Cabinet Tumerelle 83,Saint-Raphaël,lawyer,+33 4 94 44 99 34,http://www.avocats-tumerelle.fr/,
calipage@cadrillage.fr,CADRILLAGE.FR,Fréjus,store,+33 4 94 53 57 10,http://www.cadrillage.fr/,
contact@wellfitdanse.fr,CAFAN,Fréjus,,+33 4 94 40 11 11,https://www.wellfitdanse.fr/,493983431
contact@kpublishing.fr,Café Touring,Saint-Raphaël,restaurant,+33 4 94 55 01 50,https://letouring.fr/cafe-touring/,
contact@terrancle.fr,Cais Optique,Fréjus,store,+33 4 94 52 80 64,https://cais-optique-frejus.fr/,
dpd@ville-frejus.fr,CAISSE CENTRALE ACTIVITE SOCIALE (CCAS),Fréjus,,+33 4 94 17 66 20,https://www.ville-frejus.fr/au-quotidien/social-et-solidarite/centre-communal-daction-sociale-ccas/,775694748
contact@calderon-chocolatier.com,Calderon,Fréjus,bakery,+33 4 94 51 05 36,https://calderon-chocolatier.com,
sinistres@campez-couvert.com,Camping Homair - La Plage d'Argens,Fréjus,campground,+33 4 95 36 38 37,https://www.laplagedargens.fr/?utm_campaign=gmb_search&utm_medium=organic&utm_source=google,
camping@info-lauriersroses.com,Camping Les Lauriers Roses,Fréjus,campground,+33 6 25 01 01 11,http://www.info-lauriersroses.com/,
info@laplagedudramont.com,Camping Plage Du Dramont,Saint-Raphaël,campground,+33 4 94 82 07 68,http://www.laplagedudramont.com/,
vacances@sandaya.fr,Camping Sandaya La Barque - 4 étoiles,Fréjus,campground,+33 4 98 13 23 61,https://www.sandaya.fr/nos-campings/la-barque?utm_source=google&utm_medium=gbp&utm_campaign=cta_siteweb_LaBarque,
reservation@vacances-andretrigano.com,Camping Santa Lucia - Vacances André Trigano,Saint-Raphaël,campground,+33 4 94 95 34 80,https://vacances-andretrigano.com/camping/var/santa-lucia-saint-raphael,
gorge.vent@wanadoo.fr,Camping Site de Gorge Vent,Fréjus,campground,+33 4 94 52 90 37,http://www.camping-gorge-vent.com/,
info@labastiane.com,Camping Yelloh Village La Bastiane,Fréjus,campground,+33 4 94 55 55 94,http://www.labastiane.com/?utm_source=gmb,
contact@straphaelcanatwarton.com,Canat & Warton,Fréjus,estate_agent,+33 4 94 54 05 40,https://www.saintraphaelimmobilier.fr,
contact@esthetiquecandy.fr,Candy esthétique epilation laser indolore extension cils microblading maquillage permanent vernis semipermanent soins visage,Fréjus,beauty_salon,+33 4 94 95 06 91,https://esthetiquecandy.fr/,
contact@capform83.fr,CAP FORM,Saint-Raphaël,fitness_center,+33 4 94 44 33 02,http://www.capform83.com/,
capservices83@gmail.com,Cap Services 83,Saint-Raphaël,electrician,+33 6 01 98 54 40,http://www.capservices83.fr/,
portsantalucia@ville-saintraphael.fr,Capitainerie,Fréjus,harbour_master,+33 4 94 95 34 30,,
contact@azko.fr,Caramagnol Grégoire,Fréjus,finance,+33 4 94 17 81 00,https://notazur.notaires.fr/annuaire/monsieur-gregoire-caramagnol-4.htm,
mediateur@mediateur-mobilians.fr,CARGLASS S.A.S. (CARGLASS PARE-BRISE COURBEVOIE),Fréjus,,+33 1 70 39 22 23,https://www.carglass.fr/centre/92400-84295/courbevoie#utm_source=googlemybusiness&utm_medium=local&utm_campaign=courbevoie&utm_content=cta-lien-page-centre,425050556
carolinaphotographies@gmail.com,Carolina R. Photographies,Fréjus,service,+33 6 11 01 06 50,https://carolina-photographies.com/,
web@cashvin.com,CASH VIN SA,Fréjus,liquor_store,+33 4 94 95 00 00,https://cashvin.com/,397511783
marketplace.admin@castorama.fr,CASTORAMA FRANCE,Fréjus,,+33 4 94 95 95 95,https://www.castorama.fr/store/1484?utm_content=frejus&utm_medium=MyBusiness&utm_source=Google,451678973
saint-raphael@cavavin.fr,CAVAVIN - Saint Raphael,Saint-Raphaël,deli,+33 6 78 39 96 03,https://saintraphael.cavavin.co/,
contact@jocelyndesbands.com,CAVE JOCELYN DESBANDS,Saint-Raphaël,liquor_store,+33 9 67 20 05 26,http://www.jocelyndesbands.com/,
cc.pictures.contact@gmail.com,cc pictures,Saint-Raphaël,service,+33 7 68 68 88 88,http://www.cc-photographe.com/,
contact@midiprim.com,CEDISPRIM,Fréjus,,+33 4 94 67 01 54,http://www.midiprim.com/,830060349
communication@chi-fsr.fr,CeGIDD Var Est - CH Intercommunal - Fréjus,Fréjus,social_facility,+33494177961,https://www.chi-fsr.fr/services-de-soins/pole-medecine/#bloc8,
fr-webcontact@cemex.com,CEMEX BETONS SUD EST,Fréjus,,+33 4 94 44 17 21,https://www.cemex.fr/-/carriere-de-frejus,399161579
contact@csto83.fr,Centre de Soins des Terrasses d’Or,Fréjus,physiotherapist,+33 4 94 95 16 30,https://www.csto83.fr/,
contact@dentego.fr,Centre Dentaire Saint Raphaël : Dentiste Saint Raphaël - Dentego,Saint-Raphaël,dentist,+33 4 82 75 10 53,https://dentego.fr/nos-centres/provence-alpes-cote-dazur/saint-raphael/,
contact@centre-esthetique83.fr,Centre Esthétique Anti-Âge - Meilleur Ouvrier de France,Saint-Raphaël,body_art_service,+33 6 36 36 62 50,https://www.centre-esthetique83.fr/,
contact@rnpc.fr,Centre Rnpc,Saint-Raphaël,alternative,+33 6 19 85 59 06,https://www.rnpc.fr/carte-des-centres-rnpc/region-provence-alpes-cote-dazur/centre-rnpc-frejus/,
contact@clarisse-environnement.fr,CERES,Fréjus,,+33 4 94 53 00 84,http://clarisse-environnement.fr/,934430323
contact@cfcassurance.fr,CFC ASSURANCE SAINT RAPHAEL,Saint-Raphaël,insurance_agency,+33 4 94 51 87 03,https://www.cfcassurance.fr/,
contact@template-vdl.top,CHARLEE.K,Fréjus,pub,+33 4 98 21 48 99,https://www.charlee-k.fr/,
contact@chausson.fr,CHAUSSON MATERIAUX,Fréjus,,+33 4 83 69 22 77,https://www.chausson.fr/agences/478,528648892
contact.relay@lagardere-tr.fr,Chez Jean,Fréjus,convenience,,https://www.relay.com/stores/chez-jean-gare-de-st-raphael/,
cabinet@chezlosteo.fr,Chez l'Ostéo,Saint-Raphaël,health,+33 6 25 60 65 56,http://chezlosteo.fr/,
contact@ristorantechezmario.fr,Chez Mario,Saint-Raphaël,italian_restaurant,+33 9 79 55 17 59,https://ristorantechezmario.fr/,
claude.chorda@yahoo.fr,Chorda,Fréjus,upholsterer,+33 4 94 51 46 60,http://www.chordadeco.fr/,
service.client@contact.christine-laure.fr,Christine Laure,Fréjus,clothes,+33 4 94 17 04 44,https://www.christine-laure.fr,
christophe.mairet@avocazur.com,Christophe Mairet- Avocat à Saint-Raphaël,Saint-Raphaël,lawyer,+33 4 82 29 62 49,https://www.mairet-avocat.fr/,
evenementiel@delliresort.com,Château Vaudois,Fréjus,winery,+33 4 94 81 49 41,https://www.chateau-vaudois.com,
cip@cip-frejus.com,CIP Fréjus,Fréjus,scuba_diving,+33 4 94 52 34 99,https://cip-frejus.com,
contact@wemadeya.fr,Citron Vert,Fréjus,beauty,+33 4 94 51 68 56,https://citron-vert.fr/,
u0022corporatecommunication@orpea.net,CLINEA,Fréjus,,+33 4 94 51 84 00,https://www.emeis-cliniques.fr/clinique-heliades-sante-frejus-83?utm_source=clinique-heliades-sante-frejus-83&utm_medium=GGmaps,301160750
vous@exemple.com,Clinique vétérinaire de l'Oustalet à Saint-Raphaël,Fréjus,veterinary_care,+33 4 94 95 66 20,http://www.cliniqueveterinairekerdelhuevaldebouze.com/,
contact@vetoarenes.fr,Clinique vétérinaire des Arènes,Fréjus,veterinary_care,+33 4 94 53 70 55,https://www.vetoarenes.fr/,
info@animalclinic.be,Clinique Vétérinaire Univet Saint Raphaël,Fréjus,veterinary_care,+33 4 94 95 93 52,https://univet.fr/clinique/clinique-veterinaire-saint-raphael-83700-univet/,
contact@closdesroses.com,Clos des Roses,Fréjus,hotel,,https://www.closdesroses.com/fr/accueil-vignoble-clos-des-roses,
agayplongee@gmail.com,Club de plongée d'Agay,Saint-Raphaël,association,+33 4 94 82 02 03,https://agay-plongee.fr/,
club@cnsr.fr,Club Nautique de Saint-Raphaël,Fréjus,sports_centre,+33 4 94 95 11 66,https://www.cnsr.fr/,
contact-solution-financement@altarea.com,Cogedim,Fréjus,developer,+33 4 98 12 87 30,https://www.cogedim.com/,
cogep-communication@cogep.fr,COGEP,Fréjus,accounting,+33 4 22 66 01 50,https://www.cogep.fr/,
coiffure-du-golf@orange.fr,Coiffure du golf,Saint-Raphaël,hairdresser,+33 4 94 82 48 48,https://www.coiffuredugolf.com/,
communication@colas.fr,COLAS FRANCE,Fréjus,,+33 4 94 44 50 90,https://www.colas.com/,329338883
g.lambert@collegekarr.fr,Collège Alphonse Karr,Fréjus,school,+33 4 98 11 39 10,https://www.collegekarr.fr/,
0830834f@ac-nice.fr,Collège André Léotard,Fréjus,school,,https://www.clg-andre-leotard.ac-nice.fr/,
0831116m@ac-nice.fr,Collège de l'Estérel,Saint-Raphaël,school,,https://www.clg-l-esterel.ac-nice.fr/clg-esterel/,
api.puget@gmail.com,Collège Gabrielle Colette,Fréjus,school,,https://www.clg-gabrielle-colette.ac-nice.fr/,
aedleschenes@gmail.com,Collège Les Chênes,Fréjus,school,,https://www.clg-les-chenes.ac-nice.fr/index.php/fr/,
codepronotevilleneuve83@gmail.com,Collège Villeneuve,Fréjus,school,,https://www.clg-villeneuve.ac-nice.fr/clg-villeneuve/,
contact@colormarckfrance.com,Color Marck,Saint-Raphaël,manufacturer,+33 4 94 95 13 90,https://www.colormarck.com/,
contact@shopcomeon.fr,COME ON,Saint-Raphaël,clothing_store,+33 4 83 12 74 10,http://www.shopcomeon.fr/,
webmaster@yesss-fr.com,COMPTOIR ELECTRIQUE FRANCAIS (CEF),Fréjus,,+33 4 94 51 20 23,https://www.yesss-fr.com/,319883344
couleursetrenovation@gmail.com,COULEURS ET RENOVATION,Fréjus,painter,+33 4 94 82 40 97,https://couleursetrenovation.fr/,
callian@crea-mania.com,CreaMania Frejus,Fréjus,service,+33 4 94 85 71 39,http://www.crea-mania.com/,
support.crit-job@groupe-crit.com,CRIT,Fréjus,,+33 4 94 17 43 32,https://www.crit-job.com/agences/voir/560-crit-frejus?utm_source=gmb&utm_medium=store&utm_campaign=b2c_paca_page_gmb,451329908
crossfitesterel@gmail.com,CrossFit Esterel Hyrox Training Club,Fréjus,gym,+33 6 59 57 83 85,http://crossfitesterel.fr/,
utilisateur@domaine.com,Crossfit Fréjus - Thefitclub,Fréjus,fitness_center,+33 6 58 52 42 42,http://www.crossfit-frejus.com/,
contact@babilou.com,Crèche Babilou Fréjus La Montagne,Fréjus,child_care_agency,+33 809 10 30 00,https://www.babilou.fr/creches/babilou-frejus-la-montagne?campaign_id=CM200013&utm_source=google_my_business&utm_medium=dir&utm_campaign=FREJUS,
hello@morelflowers.com,créateur de cyclamens,Fréjus,florist,,https://www.cyclamen.com/fr/index,
fabien-837@hotmail.fr,Crêperie l'Arcade,Fréjus,restaurant,+33 4 89 25 46 40,https://creperie-larcade-restaurant.eatbu.com/?lang=fr#map,
contact@noiise.com,CYRIL OPTICIENS,Saint-Raphaël,store,+33 4 98 13 06 19,https://www.cyrilopticiens.fr/,
contact@cyrus-herez.fr,CYRUS HEREZ,Fréjus,,+33 6 18 65 65 37,https://www.cyrus-herez.fr/nos-bureaux/cyrus-herez-nice/,350529111
contact@ninrinck.fr,D L M,Fréjus,,+33 4 22 89 00 00,http://www.dlm.fr/,469500540
contact@d2ss-coiffure.fr,D2SS Coiffure,Fréjus,hairdresser,+33 4 94 53 70 05,https://d2ss-coiffure.fr/,
contact@dalkia.fr/,DALKIA,Fréjus,,,https://www.dalkia.fr/,456500537
infodamart@damart.com,DAMART,Saint-Raphaël,clothes,+33 4 94 82 76 37,https://www.damart.fr/magasins/saint-raphael,333202083
dayarchi@gmail.com,DayArchi,Fréjus,service,+33 6 76 63 69 87,http://www.dayarchi.com/,
personaldata@decathlon.co.uk,DECATHLON,Fréjus,sports,,https://www.decathlon.fr/store-view/magasin-de-sports-frejus-plage-0070140901409,306138900
rennes-alma@delarte.fr,Del Arte,Fréjus,restaurant,+33 4 94 81 55 49,https://www.delarte.fr/restaurants/212-puget-sur-argens,
deldo.avocat@gmail.com,DEL DO GWENDOLINE,Saint-Raphaël,lawyer,+33 4 94 95 01 89,http://www.deldo-avocat.fr/,
delko.saintraphael@delko.fr,Delko,Saint-Raphaël,car_repair,+33 4 94 83 68 68,https://delko.fr/garage/delko/saint-raphael/110,
hello@wavy.co,Design'r - salon de coiffure,Fréjus,hair_salon,+33 4 94 52 75 80,https://www.design-r-frejus.fr/,
contact@dieudonne-menuiserie.fr,DIEUDONNE | Menuisier | Fabricant Aluminium depuis 1982 | Rideau de verre | Store | Pergola | Réparation volet roulant,Saint-Raphaël,supplier,+33 4 94 82 33 03,http://www.dieudonne-menuiserie.fr/,
passionvelo63@orange.fr,DOLL,Fréjus,,+33 4 94 95 60 09,http://dollbike-frejus.fr/,301161014
info@escaravatiers.com,Domaine des Escaravatiers,Fréjus,alcohol,,https://www.escaravatiers.com,
contact@styleo.fr,Domaine du Pin de la Legue,Fréjus,campground,+33 4 98 11 84 40,https://www.domainedupindelalegue.fr/,
contact@donuts-land.fr,Donuts Land,Saint-Raphaël,donut_shop,+33 9 87 05 59 53,https://www.donuts-land.fr/,
contact@easycall.fr,Dr Marquet François,Saint-Raphaël,doctor,+33 4 94 95 47 12,https://www.doctochat.fr/837/f.marquet/,
cabinet.tourdemare@gmail.com,Dr VU Dong Vincent,Fréjus,dentist,+33 4 94 53 29 79,https://cabinet-dentaire-tour-de-mare.e-dentaire.fr/,
support.dr-valle-ortiz@cosante.com,Dr. Daniel Valle Ortiz,Saint-Raphaël,dentist,+33 4 94 95 12 46,https://www.cabinetdentairelesterel.fr/,
jppeyratoux@orange.fr,Dr. Jean Philippe Peyratoux,Saint-Raphaël,dentist,+33 4 94 19 02 02,http://www.dr-peyratoux-jean-philippe.chirurgiens-dentistes.fr/,
contact@groupechopard.com,DS Store Fréjus,Fréjus,car_dealer,+33 4 94 40 27 80,https://www.groupechopard.com/concessions/ds-store-frejus?utm_campaign=gmb&utm_medium=organic&utm_source=google,
ubelec83@yahoo.com,DUBELEC,Fréjus,electrician,+33 6 86 97 81 25,https://dubelec1.odoo.com/@/,
contact@novius.fr,ECF SAINT-RAPHAËL - VALESCURE,Fréjus,educational_institution,+33 4 94 17 28 18,https://www.ecf.asso.fr/Auto-ecole/SAINT-RAPHAEL/ECF-VALESCURE-SAINT-RAPHAEL2,
vincent@ecn-france.fr,ECN Fréjus | Auto-école | permis voiture | permis moto,Fréjus,educational_institution,+33 4 22 54 20 17,http://www.ecn-france.fr/?utm_source=google&utm_medium=wix_google_business_profile&utm_campaign=8048719889116758596,
ehpad.jeanlachenaud@ajl.asso.fr,EHPAD Jean-Lachenaud,Fréjus,social_facility,+33 4 94 16 96 40,https://www.ajl-asso.fr/,
korian.laubierdecybele-acc@groupe-korian.com,EHPAD Korian L'Aubier de Cybèle,Fréjus,social_facility,+33 4 94 44 90 00,https://www.korian.fr/maisons-retraite/provence-alpes-cote-dazur/var-83/frejus-83600/ehpad-korian-aubier-de-cybele,
dg-contact@chi-frejus-saint-raphael.fr,EHPAD La Chênaie,Fréjus,social_facility,+33 4 94 40 21 97,,
secretariat-home-armenien@orange.fr,EHPAD Le Home Arménien,Fréjus,social_facility,+33 4 94 19 51 50,https://aaas.fr/fr/Saint_Raphael,
eaux.vives@ville-frejus.fr,EHPAD Les Eaux vives,Fréjus,social_facility,+33 4 94 44 53 80,,
jardins-de-valescure@orange.fr,EHPAD Les Jardins de Valescure,Saint-Raphaël,social_facility,+33 4 94 52 88 88,https://www.hermes-sante.fr/les-jardins-de-valescure-maison-de-retraite-medicalisee-_r_6.html,
nicolas.herbin1982@gmail.com,Electricien Frejus | Nico Elec,Fréjus,electrician,+33 6 69 73 11 12,https://www.nicoelec-frejus.fr/,
contact@elitfitness.com,Elit Fitness Salle de Sport Roquebrune-sur-Argens,Fréjus,fitness_center,+33 4 22 54 23 30,https://elitfitness.com/,
contact@simplebo.fr,Elodie MOINE - EKM AVOCAT - Avocate en Droit du travail et Droit social,Saint-Raphaël,lawyer,,https://www.ekm-avocat.fr/,
news@elsan.care,Elsan Clinique les Lauriers,Fréjus,hospital,,https://www.elsan.care/fr/clinique-les-lauriers,
contact@licausi-peinture.fr,Entreprise Licausi Peinture,Saint-Raphaël,painter,+33 6 03 69 02 78,https://www.licausi-peinture.fr/,
jean.dupont@gmail.com,ENVERGURE,Fréjus,,+33 1 86 26 63 90,http://www.envergure.eu/,530149038
info@escalebienetre.com,"Escale Bien Être Spa Puget,Massage ,Hammam,Head Spa",Fréjus,massage_spa,+33 6 50 40 53 81,https://www.escalebienetrespapuget.fr/,
contact@esterel-caravaning.fr,Esterel Caravaning,Saint-Raphaël,campground,+33 4 94 82 03 28,https://www.esterel-caravaning.fr/,
ir@sc.eurofinseu.com,EUROFINS LABAZUR ALPES-SUD VAR,Fréjus,,+33 4 94 51 70 90,https://www.biomed.eurofins.com/fr/nos-laboratoires/laboratoire-frejus-gabian,532940723
info.eshop@euromaster.com,EUROMASTER FRANCE,Fréjus,,+33 4 94 52 77 40,https://www.euromaster.fr/centres/provence-alpes-cote-d-azur/frejus/euromaster-frejus?utm_source=Google&utm_medium=organic&utm_campaign=Uberall_GBP&utm_content=LDS&utm_term=Uberall_GBP,392527404
reservations.es@europcar.com,EUROPCAR FRANCE,Fréjus,,+33 4 94 51 53 88,https://www.europcar.fr/fr-fr/places/location-voiture-france/frejus/frejus?utm_campaign=FRJC01&utm_medium=organic&utm_source=local,303656847
contact@europlongee.fr,Europlongée,Saint-Raphaël,dive_centre,,https://europlongee.fr/,
office@expertimmobilierriviera.com,EXPERT IMMOBILIER RIVIERA,Fréjus,estate_agent,+33 6 88 24 76 23,https://www.expertimmobilierriviera.com/,933570327
christophe@ixtenso.fr,Financea Fréjus - Expert-comptable à Fréjus (Ex CGFE),Fréjus,accounting,+33 4 22 54 74 44,https://financea.pro/,
contact@fit-french-riviera.fr,Fitness / Hyrox French Riviera,Saint-Raphaël,gym,+33 6 17 74 14 49,https://fit-french-riviera.fr/,
monadresse@mail.com,FITNESS PARK SUCCURSALES,Fréjus,,+33 4 89 49 50 39,https://www.fitnesspark.fr/club/frejus-tassigny/,327126827
contact@hotelleflore.fr,FLOREAL,Fréjus,,+33 4 94 51 38 35,http://hotelleflore.fr/,950405928
eric@fma83.fr,FMA Fabrication Menuiserie Alu,Saint-Raphaël,supplier,+33 4 94 55 77 68,http://www.fma83.com/?utm_source=gmb,
contact@fontarosa-immobilier.fr,FONTAROSA IMMOBILIER FREJUS,Fréjus,real_estate_agency,+33 4 22 12 32 05,http://www.fontarosa-immobilier.fr/,
espacebekaert@orange.fr,FRANCE BKR,Fréjus,,+33 4 94 17 28 22,https://cuisine-frejus-bekaert.fr/,950026914
info@francedriver.com,France Driver,Fréjus,taxi,+33 6 18 77 75 07,http://Francedriver.com,
info@francehygieneventilation.fr,France Hygiène Ventilation,Fréjus,hvac,+33 4 51 58 04 75,https://francehygieneventilation.fr/agences/var/,
contact@frantheor-vacances.com,Frantheor - Camping de l'Ile d'Or,Saint-Raphaël,campground,+33 4 94 82 48 97,https://frantheor-vacances.com/camping-saint-raphael/,
fred.inov83@gmail.com,Fred Inov - Peintre Rénovation à Fréjus,Fréjus,painter,+33 6 26 38 63 09,https://www.fredinov83.com/?utm_medium=referral&utm_source=gmb&utm_campaign=lnk-gmb,
contact@etre-visible.local.fr,FREJUS PRESSING,Fréjus,laundry,+33 6 14 20 50 63,https://www.cleanwhiteservices.fr/,
patisserie.fredeline@gmail.com,Frédéline,Fréjus,pastry_shop,+33 9 81 79 90 05,https://www.patisserie-fredeline.fr/,
contact@frejuspeinture.com,Fréjus Peinture,Fréjus,painter,+33 4 94 40 47 75,http://www.frejuspeinture.com/,
info@frema-assurances.com,Fréma Assurances Jutheau Husson Groupe Fréjus,Fréjus,insurance_agency,+33 4 94 52 00 17,https://www.jutheau-husson.com/frema-assurances/,
monemail@gmail.com,FUNECAP SUD EST,Fréjus,,+33 4 23 40 01 97,https://roc-eclerc.com/nos-agences/var/frejus/pompes-funebres-roc-eclerc-frejus-fun_fra083_072?utm_campaign=GMB&utm_content=FUN_FRA083_072&utm_medium=organic-local&utm_source=google,302077169
contact@fv-architectes.com,FV Architectes,Saint-Raphaël,service,+33 9 61 68 57 33,http://fv-architectes.com/,
aglieri.gaetan@gmail.com,Gaetan AGLIERI - AVOCAT,Saint-Raphaël,lawyer,+33 4 22 73 08 91,https://www.gaetan-aglieri-avocat.com/,
votre-email@xxx.com,Garage DELKO Saint-Raphaël,Saint-Raphaël,car_repair,+33 4 94 83 68 68,https://delko.fr/garage/delko/saint-raphael/110?utm_source=google&utm_medium=organic&utm_campaign=gmb_saintraphael,
garage.giudici@free.fr,Garage Giudici Ulisse SARL,Saint-Raphaël,car_repair,+33 4 94 95 10 08,http://www.garage-giudici.fr/,
contact@clairecottais.com,Garden Park Concept Fréjus,Fréjus,gardener,+33 6 33 16 21 71,http://www.gardenparkconcept.fr/,
contact@osteopathe-saint-raphael.fr,Giafferri Nicolas,Saint-Raphaël,health,+33 6 88 58 28 11,https://osteopathe-saint-raphael.fr/,
contact@ac-france-auto.fr,"GP Auto Fréjus : carrosserie, mécanique, rachat et vente de véhicule",Fréjus,car_repair,+33 4 94 51 56 08,http://www.gpauto83.fr/,
office@grillet-associes.notaires.fr,Grillet & Associés - Notaires de Saint-Aygulf,Fréjus,finance,+33 4 94 52 78 27,https://grillet-associes.notaires.fr/,
contact@giefr.com,Groupe Inter Experts,Saint-Raphaël,consultant,+33 4 94 19 54 20,http://www.groupe-inter-experts.fr/,
guillaume.munera@gmail.com,Guillaume MUNERA - Photographe immobilier - Appartements & Villas pour particuliers & professionnels,Saint-Raphaël,service,+33 6 23 71 04 02,https://www.munera-photo.com/,
tresor.gymstex@gmail.com,Gym Saint Exupéry,Saint-Raphaël,gym,+33 6 70 42 88 05,https://www.gym-saintex.com/contact,
contact@leshallesraphaeloises.com,Halles Raphaëloises,Saint-Raphaël,grocery_store,+33 4 94 82 25 05,https://halles-raphaeloises.fr/,
contact@hestiarenov.fr,Hestia Renov SAS,Saint-Raphaël,general_contractor,+33 4 22 73 10 72,http://www.hestiarenov.fr/,
info@hometogo.fr,HHD (INTERHOME),Fréjus,,+33 4 94 53 02 44,https://www.interhome.fr/services-sur-place/interhome-frejus-fr094/?partnerid=&utm_source=gmb&utm_campaign=fr094-frejus&utm_medium=gmb&utm_locale=fr-fr,712021245
agence@highfive.archi,High Five Architecte,Fréjus,service,+33 4 22 47 10 07,https://highfive.archi/?utm_source=gmb,
info@holidaygreen.com,Holiday Green - Camping Fréjus 5 étoiles -Yelloh! Village,Fréjus,campground,+33 4 94 19 88 30,https://www.holidaygreen.com/fr?utm_source=google&utm_medium=organic&utm_campaign=GBP,
briche.homerenov@gmail.com,Home Renov,Fréjus,painter,+33 7 71 59 17 70,https://home-renov83.fr/,
contact@horushotel.fr,"Horus Hotel, Bar, Restaurant et Karaokés",Fréjus,restaurant,+33 4 22 54 75 25,https://horushotel.fr,
contact@frejushotel.fr,Hotel Frejus | Sable Et Soleil | Chambre Avec Jacuzzi Privatif Port Et Plage,Fréjus,hotel,+33 4 22 47 11 19,http://www.hotel-sableetsoleil.com/,
reception@aygulf.valk.com,Hotel St Aygulf cote d'azur Van der Valk,Fréjus,hotel,+33 4 94 52 74 84,https://www.hotelstaygulf.fr/?utm_source=google&utm_medium=organic&utm_campaign=gmb_aygulf,
contact@hsbc.fr,HSBC CONTINENTAL EUROPE (HSBC),Fréjus,,+33 1 40 70 70 40,https://www.hsbc.fr/,775670284
contact@hehocard.fr,Hého Card,Saint-Raphaël,point_of_interest,+33 4 22 54 23 50,https://hehocard.fr/,
princesseshakti@gmail.com,Hélène Crété Roncati and Shamane,Saint-Raphaël,health,+33 6 61 75 57 77,http://jesuismoname.blogspot.com/,
info@hotelcapriviera.com,Hôtel Cap Riviera,Fréjus,hotel,+33 4 94 81 21 42,http://www.hotelcapriviera.com/,
reservations@hotels-continental.com,Hôtel Continental,Fréjus,hotel,+33 4 94 83 87 87,http://www.hotels-continental.com,
contact@hotel-saint-raphael.com,Hôtel de Flore,Fréjus,hotel,+33 4 94 95 90 00,http://cazabook.wix.com/hoteldeflore,
contact@hotelvieuxport.com,Hôtel du vieux port,Fréjus,hotel,+33 4 94 19 23 99,http://hotelvieuxport.com/,
info@excelsior-hotel.com,Hôtel Excelsior - Côte d'Azur - Saint-Raphaël,Fréjus,hotel,+33 4 94 95 02 42,https://excelsior-hotel.com/fr/?utm_source=Google&utm_medium=My+Business,
reception@hotel-frejus-arena.com,Hôtel l'Aréna Fréjus,Fréjus,hotel,+33 4 94 52 77 20,https://www.hotel-frejus-arena.com/,
bwplus@hotel-lamarina.fr,Hôtel La Marina,Saint-Raphaël,hotel,+33 4 94 95 31 31,http://www.hotel-lamarina.fr,
info@thimothee.com,Hôtel Le Thimothée,Saint-Raphaël,hotel,+33 4 94 40 49 49,https://www.hotel-thimothee.com/,
communication@idex.fr,IDEX ENERGIES,Fréjus,,+33 4 94 09 63 99,https://www.idex.fr/,315871640
frejus@igesa.fr,IGESA Village Vacances Destremau,Fréjus,hotel,+33 4 94 53 22 50,https://www.igesa.fr/vos-vacances/recherche-sejour/reserver-mes-vacances/etablissement/frejus/,
contact@impact-espaces.com,Impact Espaces,Fréjus,point_of_interest,+33 6 07 10 62 09,http://www.impact-espaces.com/,
accueil@ins83.com,Imprimerie Nouvelle,Fréjus,printing,+33 494196330,https://www.ins83.com/,
communication@inextenso.fr,In Extenso,Fréjus,accountant,+33 4 98 12 41 17,https://www.inextenso.fr/FicheAgence?ieq=308,
contact@inburgers.com,IN'BURGERS,Fréjus,fast_food,+33 7 61 95 44 99,https://www.inburgers.fr/,
ingridcohen2005@hotmail.fr,Ingrid&Co rénov,Saint-Raphaël,general_contractor,+33 6 14 81 54 44,http://www.ingridandco-renovation.fr/,
contact@instant-bom.fr,"Instant Bo'M - Centre de bien‑être, massage & drainage à St-Raphaël",Saint-Raphaël,wellness_center,+33 9 78 80 37 99,https://instant-bom.fr/,
laura.guinot.frejus@gmail.com,Institut LC Esthétique,Fréjus,beauty_salon,+33 4 94 17 19 03,https://www.institut-frejus.guinot.com/,
lesephelides83@gmail.com,Institut Les Ephélides de Daniella,Saint-Raphaël,beauty_salon,+33 4 94 19 07 00,https://www.institut-saintraphael.marycohr.com/,
contact@imss.fr,Institut Médical Sport Santé - IMSS Fréjus,Fréjus,physiotherapist,+33 4 22 54 20 59,https://imss.fr/imss-frejus-kinesitherapie/,
com-web@inrae.fr,INSTITUT NATIONAL DE RECHERCHE POUR L'AGRICULTURE L'ALIMENTATION ET L'ENVIRONNEMENT (INRAE),Fréjus,,+33 4 92 38 64 00,https://www.inrae.fr/centres/provence-alpes-cote-dazur,180070039
sanicet@institut-stanislas.fr,Institut Stanislas,Saint-Raphaël,school,+33 4 94 19 51 90,https://www.institut-stanislas.fr/,
jadegrima.photographe@hotmail.com,Jade Grima Photographe,Saint-Raphaël,service,+33 6 84 09 29 17,https://www.jadegrimaphotographe.com/,
jammacollection@gmail.com,Jamma,Fréjus,womens_clothing_store,+33 9 86 50 17 91,https://jammacollection.fr/,
infolegale@provalliance.fr,Jean Louis David - Coiffeur Saint Raphael,Saint-Raphaël,hair_salon,+33 9 88 34 35 64,https://www.jeanlouisdavid.com/salons/123-rue-waldeck-rousseau-83700-saint-raphael?utm_campaign=gbp_siteweb_D10831&utm_id=gbp_siteweb&utm_medium=siteweb&utm_source=gbp,
contact@comptoir-de-vie.com,Jean-François HENNUY Kinésithérapeute Ostéopathe | Cabinet De Kiné-Ostéopathie Du Centre Médical De La Porte D'Orée à Fréjus,Fréjus,physiotherapist,+33 6 30 05 07 04,https://bit.ly/3W3xgKo,
jlatrasse.osteo@yahoo.fr,Jordan Latrasse Ostéopathe D.O.,Saint-Raphaël,health,+33 6 86 81 40 09,http://www.osteolatrasse.com/,
info@jurisazur.com,JURISAZUR- Avocats franco-allemand - Deutsch-französische Anwälte Fréjus,Fréjus,lawyer,+33 4 94 19 90 66,http://www.jurisazur.com/,
contact@just1delice.fr,Just’1 Délice,Saint-Raphaël,pastry_shop,+33 4 94 83 32 44,https://www.just1delice.fr/,
jeromebridet@hotmail.fr,Jérôme Bridet Et Pierre Le Coq JBPLC,Saint-Raphaël,plumber,+33 6 52 60 26 80,http://www.plomberiebridet.fr/,
contact.saint-raphael.83@kangouroukids.fr,Kangourou kids,Fréjus,company,+33 4 94 50 78 90,https://saint-raphael.kangouroukids.fr/,
contact@kaiacotedazur.com,KAÏA,Fréjus,medical_clinic,+33 6 25 50 15 49,https://kaiacotedazur.com/,
contact.donneespersonnelles@la-boucherie.fr,KDB FRANCE,Fréjus,,,http://la-boucherie.fr/,939014064
contact@keepcool.fr,Keepcool Fréjus La Palud,Fréjus,sports_club,+33 4 94 51 30 82,https://www.keepcool.fr/s/salle-de-sport-frejus-la-palud/?utm_source=campaign-gmb,
contact@kidsaround.com,Kids Around,Fréjus,clothes,+33 4 94 82 34 00,https://www.kidsaround.com/,
hello.kidtopia@gmail.com,KIDTOPIA 2,Fréjus,school,+33 4 65 84 41 96,https://kidtopia.fr/,929883353
kinebalneostraphael@gmail.com,Kiné Balnéothérapie Saint Raphael,Saint-Raphaël,physiotherapist,+33 4 94 19 33 32,http://www.kinebalneotherapiedesaintraphael.com/,
contact@kiwi.fr,Kiwi Saint Tropez,Fréjus,clothes,+33 4 98 12 10 63,https://kiwi.fr/,
contact@kodokaes.fr,KodoK,Fréjus,electrician,+33 6 25 53 90 32,http://www.kodokaes.fr/,
contact@komilfo.fr,Komilfo Dymex À Fréjus,Fréjus,window_blind,+33 4 94 52 50 00,https://www.komilfo.fr/magasins/dymex-frejus-83,
recrutement@kone.com,KONE,Fréjus,,+33 9 70 80 80 80,https://www.kone.fr/,592052302
korian.rivesdesterel@korian.fr,Korian Rives d'Esterel,Fréjus,social_facility,+33 4 94 51 72 20,https://www.korian.fr/maisons-retraite/provence-alpes-cote-dazur/var-83/frejus-83600/ehpad-korian-rives-d-esterel,
lemeraudesaintaygulf@gmail.com,L 'Émeraude,Fréjus,restaurant,+33 6 33 58 85 80,,
ouroffice@vangard.com,L'agence - Groupe RICCOBONO,Fréjus,point_of_interest,+33 4 94 55 12 80,http://www.lagence-riccobono.fr/,
contact@artisandesebenes.com,L'artisan des ébènes,Saint-Raphaël,general_contractor,+33 6 73 20 54 06,https://artisandesebenes.com/,
commercial@latelierdutorrefacteur.com,"L'atelier du torréfacteur, Thé - Café - Gourmandises",Saint-Raphaël,food_store,+33 6 81 21 21 88,https://latelierdutorrefacteur.com/,
lentredesartistes@gmail.com,L'Entrée des Artistes,Fréjus,restaurant,+33 4 94 40 11 60,http://lentreedesartistes-restaurant.eatbu.com/,
contact@lescurial.com,L'Escurial,Fréjus,brewery,+33 4 94 51 52 44,https://lescurial.com/,
contact@orencash.fr,L'OR EN CASH,Fréjus,,+33 4 81 68 50 14,https://www.orencash.fr/boutiques-achat-or/saint-raphael-achat-or/?utm_source=gmb,512412628
sas.jodha@free.fr,La Cave Romaine,Fréjus,restaurant,+33 4 94 51 52 03,https://lacaveromaine.eatbu.com/,
contact@lafenetrefrejusienne.com,La Fenêtre Fréjusienne,Fréjus,supplier,+33 4 98 23 31 67,http://www.lafenetrefrejusienne.com/?utm_source=gmb,
zakariaebouchama@orange.fr,La Fontanina,Fréjus,fast_food,+33 9 83 53 09 28; +33 6 98 96 94 88,https://www.lafontanina.fr/,
lgma3@wanadoo.fr,La Grande Menuiserie Aluminium,Fréjus,company,+33 4 94 40 77 03,https://www.la-grande-menuiserie-aluminium.fr/,
contact@lamaisondestravaux.com,La Maison Des Travaux,Fréjus,general_contractor,+33 6 32 37 46 95,https://frejus.lamaisondestravaux.com/,
romaincordani@hotmail.com,La Maison Optical,Fréjus,optician,+33494834443,https://www.la-maison-optical.com/,
admin@la-poissonnerie.com,La Poissonnerie de Puget sur Argens - Grossiste,Fréjus,wholesaler,+33 4 94 83 47 47,https://www.la-poissonnerie.com/,
contact@petitscommerces.fr,La Poissonnerie du Clocher,Fréjus,market,+33 4 94 51 49 28,https://www.petitscommerces.fr/page/la-poissonnerie-du-clocher/,
laetitiam.osteo@gmail.com,Laetitia Moyal – Ostéopathe & Experte Drainage Post-Op | Renata França,Saint-Raphaël,health,+33 6 15 76 74 42,https://osteopathe-drainage-saintraphael.fr/,
route.france@lafarge.com,LAFARGE BETONS,Fréjus,,+33 4 98 12 51 25,http://www.lafarge.fr/,414815043
leglise.jerome@club-internet.fr,"LAGARDERE TRAVEL RETAIL FRANCE (COFEC - RELAY, RELAY STORE, RELAY SHOP, RELAY WEB, RELAY INTERNATIONAL)",Fréjus,,+33 1 40 87 26 00,https://www.lagardere-tr.fr/,542095336
mediation@vivons-mieux-ensemble.fr,LAMY,Fréjus,,+33 4 94 19 72 10,https://www.lamy-immobilier.fr/nos-agences-immobilieres/var-83/st-raphael-83700/lamy-saint-raphael,487530099
hello@blbeautylounge.com,LANOSA Hair & Beauty Artist,Fréjus,hair_salon,+33 7 85 62 93 40,https://www.blbeautylounge.com/,
forumjulii@notaires.fr,Laure BARDAILLE et Julie LANCIA-FRAIZ - SAS Notaires de Forum Julii,Fréjus,finance,+33 4 94 19 15 82,https://etude-forum-julii.notaires.fr/,
avocatbonnevialle@gmail.com,Laure Bonnevialle Haller,Fréjus,lawyer,+33 4 98 10 35 38,http://www.avocat-bonnevialle-draguignan.fr/,
laurentguillemet@gmail.com,Laurent Guillemet Architecture & Design d’espace,Saint-Raphaël,point_of_interest,+33 6 30 83 09 44,https://laurentguillemet.com/,
contact@laurent-michelot.photo,Laurent Michelot - Photographe natureL,Fréjus,service,+33 7 81 04 58 58,https://laurent-michelot.photo/,
lawrence@banahan.fr,Lawrence Banahan - Photographe événements & mariages,Saint-Raphaël,service,+33 6 80 71 99 02,https://www.banahan.fr/photographe-saint-raphael/,
reedaaron83@yahoo.fr,LE BISHOP,Saint-Raphaël,restaurant,+33 4 94 95 04 63,https://le-bishop-restaurant.eatbu.com/,
le.provencal@hotmail.fr,Le Bouchon Provençal,Fréjus,restaurant,+33 4 94 53 89 18,,
calypsobarfrejus@gmail.com,Le Calypso - Fréjus Plage,Fréjus,bar,+33 6 79 98 50 28,https://calypso-frejus.eatbu.com/?lang=fr,
lecaractere83@gmail.com,Le Caractère,Fréjus,restaurant,+33 6 28 69 63 28,https://www.lecaractere.fr/,
hello@confidentiel-hotel.com,Le Confidentiel hôtel & Spa,Fréjus,hotel,+33 4 94 19 90 20,https://www.confidentiel-hotel.com/fr,
contact@hotel-lecosy.fr,Le Cosy,Fréjus,hotel,+33 4 94 83 30 83,https://www.hotel-lecosy.fr,
duplexstraph@gmail.com,Le Duplex,Fréjus,restaurant,+33 6 58 84 86 59,,
frejus@capfun.com,Le Frejus,Fréjus,camp_site,,http://www.lefrejus.com/,
contact@lejardinponcet.com,Le Jardin Poncet,Fréjus,restaurant,+33 4 94 95 25 00,https://lejardinponcet.com/,
servicesdecathy@aol.co,Le linge de Cathy - location - blanchisserie,Saint-Raphaël,home_goods_store,+33 6 28 04 30 34,https://www.lelingedecathy.com/,
reservations@siblu.fr,Le Montourey - Camping Siblu,Fréjus,campground,+33 4 94 53 26 41,http://www.lemontourey.fr/,
petitatelier83@orange.fr,Le Petit Atelier,Saint-Raphaël,service,+33 4 94 19 02 65,https://www.petitatelier.pro/,
contact@restaurantlerefuge.fr,Le Refuge - Savoyard,Saint-Raphaël,restaurant,+33494192956,https://restaurantlerefuge.fr/,
infos@letamtam.fr,Le Tam Tam,Fréjus,restaurant,+33 4 94 83 90 22,http://www.letamtam.fr/,
letempsdevivre83@yahoo.fr,Le Temps de Vivre,Fréjus,child_care_agency,+33 4 94 44 43 17,https://www.crecheletempsdevivre.fr/,
contact@hehocom.fr,Le Village Des Talents Créatifs,Fréjus,mall,,https://www.levillagedestalentscreatifs.fr/,
fr501369@myleonidas.net,Leonidas,Fréjus,chocolate,+33 4 94 82 30 51,https://www.leonidas.com/en/shops/saint-raphael/leonidas-saint-raphael,
contact@comvianet.com,LEPRINCE Fils,Saint-Raphaël,painter,+33 6 17 68 51 03,https://www.leprincepeinture.fr/,
info@campingacacias.fr,Les Acacias,Fréjus,camp_site,+33 4 94 53 21 22,https://www.campingacacias.fr/,
claire@lesbeautesbio.com,Les Beautés Bio Saint-Raphaël - Institut de beauté Head Spa,Saint-Raphaël,beauty_salon,+33 9 86 68 50 89,https://lesbeautesbio.com/content/4-la-boutique,
contact@bergon.pro,LES BEGONIAS,Fréjus,,+33 4 94 40 14 40,http://www.bergon-nature-jardin.com/,378158422
contact@lesdelicesdelamer.fr,LES DELICES DE LA MER,Fréjus,food_store,+33 4 94 51 64 00,http://www.lesdelicesdelamer.fr/,
agenceweb@groupelip.com,LES INTERIMAIRES PROFESSIONNELS INDUSTRIE & BATIMENT (LIP INDUSTRIE & BATIMENT),Fréjus,,+33 4 12 05 40 46,https://www.groupelip.com/650-agence-interim-frejus-btp-industrie?utm_source=gmb,981323330
leslunettesdediane@gmail.com,Les lunettes de Diane,Saint-Raphaël,store,+33 4 58 28 15 56,http://www.leslunettesdediane.fr/,
contact@monsiteweb.io,LES MENUISERIES DU SOLEIL,Fréjus,furniture_store,+33 4 94 40 01 24,https://volet-fenetre-var.com/,830516597
lesmouettes-clefs@orange.fr,Les Mouettes,Fréjus,locksmith,+33 4 94 51 28 63,https://www.doubleclefrejus.fr/,
gdebastide@gmail.com,Les Producteurs de la Grande Bastide,Fréjus,greengrocer,,http://www.grandebastide.com/,
commande.lignehabitat@gmail.com,Ligne Habitat - Maison du Menuisier,Fréjus,store,+33 6 73 52 06 54,https://frejus.maisondumenuisier.fr/,
info@link-travaux.fr,Link Travaux,Fréjus,general_contractor,+33 6 61 63 81 07,http://link-travaux.com/?utm_source=gmb,
guylamb13@yahoo.fr,Location Mobil-Home au camping à Saint-Aygulf Plage,Fréjus,lodging,+33 6 12 90 27 44,https://vacancesmobilhomesaintaygulf.com/,
contact@lombard-immobilier.com,Lombard Immobilier,Fréjus,real_estate_agency,+33 4 94 95 74 65,http://www.lombard-immobilier.com/,
contact@cbdshopfrance.fr,LUDENDO COMMERCE FRANCE,Fréjus,,+33 9 77 33 65 98,https://cbdshopfrance.fr/commande-livraison-cannabis-legal/frejus/,414138842
contact@lunessfrejus.com,Luness Frejus salle de coaching privée,Fréjus,sports_club,+33 6 59 82 21 51,http://www.lunessfrejus.com/,
xoxoxoxoxo@xoxoxo.xoxo,M.T.A. - MESSAGERIES ET TRANSPORTS DE L'ATLANTIQUE,Fréjus,,+33 4 94 44 00 44,https://www.groupemta.fr/,795329580
wwdevelopment@mbeglobal.com,Mail Boxes Etc. - Centre MBE 0006,Fréjus,courier_service,+33 4 22 47 00 40,https://www.mbefrance.fr/006?utm_source=Google&utm_medium=GMB,
s.courrier@ville-frejus.fr,Mairie de Fréjus,Fréjus,townhall,+33 4 94 17 66 00,https://www.ville-frejus.fr/,
accueilp@mairie-puget-sur-argens.com,Mairie de Puget-sur-Argens,Fréjus,townhall,+33 4 94 19 67 00,https://www.pugetsurargens.fr/,
monsieurlemaire@ville-saintraphael.fr,Mairie de Saint-Raphaël,Fréjus,townhall,+33 4 94 82 15 00,https://www.ville-saintraphael.fr/,
hannaschmidt@gmail.de,MAISON 123,Saint-Raphaël,clothing_store,+33 4 98 13 80 22,https://www.maison123.com/nos-boutiques/villes/boutiques?storeid=2636&utm_campaign=google_my_business&utm_medium=organic&utm_source=google,444600464
contact@maisonartigiani.com,Maison Artigiani - Architecte d'intérieur & Showroom,Fréjus,general_contractor,+33 7 49 82 87 67,https://maisonartigiani.com/,
hermitage@aoapar.fr,Maison de retraite Hermitage,Saint-Raphaël,social_facility,+33 4 94 95 00 48,http://www.aoapar.fr,
info@naltech.fr,Maisons de Lumière by TECHNAL 83 - Fréjus - Naltech,Fréjus,general_contractor,+33 4 98 12 52 46,https://www.naltech.fr/,
contact@maliterie.com,Maliterie,Fréjus,bed,+33 4 83 12 08 12,https://www.maliterie.com/,
exemple@gmail.com,MARCEL & FILS,Fréjus,,+33 4 94 83 95 49,https://marceletfils.com/pages/frejus?utm_source=gmb&utm_medium=site-web&utm_campaign=203,508801305
estubliermarine.osteopathe@gmail.com,Marine Estublier Ostéopathe D.O. - Saint-Raphaël,Saint-Raphaël,health,+33 6 34 92 05 76,https://www.osteopathe-saint-raphael.com/,
contact@marionpautrat.fr,Marion PAUTRAT - Photographe,Fréjus,service,+33 6 29 47 53 77,http://marionpautrat.fr/,
szczesn@gmail.com,Marta Szczesniak Photography,Saint-Raphaël,service,+33 6 71 31 21 55,https://www.martaszczesniak.com/,
maryflowersdesign@gmail.com,Maryflowers,Saint-Raphaël,florist,+33 6 14 47 75 56,http://maryflowersdesign.com/,
contact@ritueldubiennaitre.fr,Massage - Rituel du bien naître,Saint-Raphaël,massage_spa,+33 6 82 86 55 50,https://www.ritueldubiennaitre.fr/,
joly.matthieu@yahoo.fr,Matthieu JOLY,Fréjus,health,+33 4 94 52 08 35,https://osteopathefrejus.fr/,
online-shopping@maxizoo.fr,MAXI ZOO FRANCE,Fréjus,,+33 4 12 40 08 40,https://www.maxizoo.fr/stores/maxi-zoo-frejus/,389435215
lcouletavocat@orange.fr,Maître Coulet,Saint-Raphaël,lawyer,+33 4 94 53 15 99,https://laurecoulet-avocat-83.fr/,
accueil.83132@notaires.fr,Maître Elodie MAQUINE Notaire et Maître Alexia DESVIGNES-BERNARD,Fréjus,finance,+33 4 98 13 19 03,https://maquine.notaires.fr/,
nolletmagali@yahoo.fr,Maître Nollet,Fréjus,lawyer,+33 4 94 17 97 45,http://nollet-avocat.fr/,
contact@local.fr,Mbp Services,Fréjus,plumber,+33 6 35 32 88 59,https://www.mbp-services.fr/,
cedric@rdsc-online.com,Me GORDANA TEGELTIJA - Avocat Droit du Travail,Saint-Raphaël,lawyer,+33 4 94 51 34 84,http://gt-avocat-saintraphael.fr/,
frejus@e2f.fr,ME GROUP FRANCE,Fréjus,,+33 4 94 51 54 88,http://e2f.fr/,592033930
contact@garage-auto-frejus.fr,MECADOM'TMC & Loc'1 Pont Garage,Fréjus,car_repair,+33 9 73 66 39 37,https://www.garage-auto-frejus.fr/,
mail@meemoria.fr,Meemoria - Digitalize,Fréjus,service,+33 9 70 70 08 30,https://meemoria.fr/,
mehari-passion@wanadoo.fr,Mehari Passion,Fréjus,car_repair,+33 4 94 45 50 90,https://meharipassion.com/,
h8701@accor.com,Mercure Saint-Raphaël Valescure,Saint-Raphaël,hotel,+33 4 94 52 68 00,http://www.mercure.com/fr/hotel-8701-mercure-saint-raphael-valescure/index.shtml,
h6752@accor.com,Mercure Thalassa Fréjus,Fréjus,hotel,+33 4 94 52 55 00,http://www.mercure.com,
magfrejus@xxl.fr,Meubles XXL,Fréjus,furniture,+33 4 94 53 35 44,https://www.meubles-xxl-frejus.com,
bonjour@natureveil.fr,Micro-crèche Natur'Eveil Esterel,Fréjus,school,+33 4 65 84 20 31,https://www.natureveil.fr/,
socialmedia@mileade.com,MILEADE (MILEADE),Fréjus,,+33 4 87 75 00 58,https://www.mileade.com/,843049040
espace.stemilion@milleis.fr,MILLEIS BANQUE (MILLEIS),Fréjus,,+33 4 94 17 63 40,https://www.milleis.fr/saint-raphael,344748041
contact@miroiterie-lumbroso.com,Miroiterie Vitrerie Serrurerie Lumbroso,Fréjus,point_of_interest,+33 4 94 95 96 97,https://www.miroiterie-serrurerie-lumbroso.fr/,
association@moissonsnouvelles.fr,MOISSONS NOUVELLES,Fréjus,,+33 4 94 53 90 72,https://www.moissonsnouvelles.fr/directory/mecs-de-frejus/,775672439
monassurance83@gmail.com,Mon Assurance,Saint-Raphaël,insurance_agency,+33 6 07 79 30 74,https://cabinetmonassurance.fr/,
cabinet@lexcoavocats.com,Morreel Weber Sophie,Fréjus,lawyer,+33 4 94 51 16 16,http://lexcoavocats.com/,
contact@mrplombier.com,Mr Plombier - Groupe MARC,Fréjus,plumber,+33 4 22 54 02 20,https://mrplombier.com/?utm_source=gmb,
contact@mutellesdusoleil.fr,MUTUELLES DU SOLEIL LIVRE II,Fréjus,,+33 4 93 39 01 04,https://www.mutuellesdusoleil.fr/?utm_source=gmb,782395511
valescure@najeti.fr,Najeti Golf hôtel de Valescure,Saint-Raphaël,hotel,+33 4 94 52 85 01,http://www.valescure.najeti.fr,
contact@naturshop.fr,Naturshop - L’herboristerie,Saint-Raphaël,store,+33 4 94 95 82 95,https://www.naturshop.fr/,
contact@nautique-concept.com,Nautique Concept,Saint-Raphaël,ship_chandler,+33 4 94 95 69 11,https://www.nautique-concept.com/,
nettautoexpress83@gmail.com,Nett Auto,Fréjus,car_wash,+33 4 94 19 18 89,http://nett.auto.free.fr/,
service-clients@nicolas.com,Nicolas St Raphael,Saint-Raphaël,liquor_store,+33 4 94 95 90 89,http://www.nicolas.com/magasins/ST-RAPHAEL/s/00008914.html,
nikitabike@orange.fr,NIKITA BIKE,Fréjus,motorcycle,+33 4 94535289,https://nikitabike.com/,502738081
contact@nouvelhotel.net,Nouvel Hotel Saint Raphael l Centre ville l Bord de mer,Fréjus,hotel,+33 4 94 95 23 30,https://www.nouvelhotel.net/,
contact@nouvelle-optique.com,"Nouvell'optique, votre opticien à domicile!",Fréjus,store,+33 6 60 41 82 11,https://www.nouvelle-optique.com/,
contact@novaconseils.fr,Novaconseils,Fréjus,consultant,+33 4 94 53 80 03,http://www.novaconseils.fr/,
daniela0409.df@gmail.com,O'PIZZ,Fréjus,fast_food,+33 4 98 11 64 73,https://opizz-frejus.eatbu.com/?lang=fr,750650830
contact@ocargofoodcourt.com,OCargo Food Court Fréjus,Fréjus,restaurant,+33 9 70 70 80 78,https://www.ocargofoodcourt.com/les-restaurants-evenements/frejus/,
contact@ddf.agency,Occazur,Fréjus,car_dealer,+33 4 94 44 70 37,https://occazur.groupe-maurin.com/,
tourisme.puget-adrets@esterelcotedazur-agglo.fr,Office de Tourisme de Puget sur Argens,Fréjus,information,+33483098114,https://www.puget-lesadrets-tourisme.com,
info@agay.fr,Office Municipal de Tourisme et des Congrès,Fréjus,information,+33 4 94 19 52 52,https://www.saint-raphael.com/fr/,
webmestre.csn@notaires.fr,Office notarial de Maître Fanny DASSONVILLE-RIBERTY,Saint-Raphaël,finance,+33 4 22 89 01 90,https://www.notaires.fr/fr/directory/notaries?name=Fanny%20DASSONVILLE-RIBERTY&search_id=AlACSIPaSid-9J-A1yWnJyvXB0kXRNPch5tTVh2X3i4,
vmivielle@onet.fr,ONET SERVICES,Fréjus,,+33 4 93 48 10 30,https://www.onet.fr/proprete-services/,067800425
serviceclients@vision-plus.fr,Opticien Puget sur Argens - Le Collectif des Lunetiers,Fréjus,store,+33 4 94 45 56 83,https://www.lecollectifdeslunetiers.fr/opticien/france/var/opticien-puget-sur-argens/puget-sur-argens,
u003econtact.service-client@generale-optique.com,Opticien PUGET-SUR-ARGENS Générale d'Optique,Fréjus,store,+33 4 94 45 57 47,https://www.generale-optique.com/opticien/puget-sur-argens/85?utm_campaign=gmb-website&utm_source=google&utm_medium=organic&utm_content=85&y_source=1_MTA4MTk2ODc1Ni03MTUtbG9jYXRpb24ud2Vic2l0ZQ%3D%3D,
cdo@cdo.fr,Optique de la Corniche,Fréjus,store,+33 4 94 81 16 49,http://optiquedelacorniche-saintaygulf.monopticien.com/,
contact@groupeall.fr,OPTIQUE MARGOSSIAN,Fréjus,store,+33 4 98 11 01 61,http://optiquemargossian.expertsantevisuelle.com/,
agencemed@orpi.com,ORPI Agence Méditerranée Fréjus,Fréjus,real_estate_agency,+33 4 94 51 80 40,https://www.agencemediterranee.com/?utm_source=gmb&utm_medium=organic&utm_campaign=gmb_frejus&utm_content=agencemed,
frejus@ovelo.fr,Ovélo,Fréjus,bicycle,+33 9 72 50 25 70,https://www.ovelo.fr,
paddlehouse@gmail.com,Paddle House,Saint-Raphaël,boat_rental,+33 6 52 00 29 99,https://www.paddlehouse.fr/,
parcoxygeneevasion@gmail.com,Parc oxygène évasion,Fréjus,sports_centre,+33 6 46 09 24 03,https://oxygeneevasion.fr,
zoofrejus@orange.fr,Parc Zoologique de Fréjus,Fréjus,zoo,,https://zoo-frejus.com/,
parking.bonaparte@ville-saintraphael.fr,Parking Bonaparte,Fréjus,parking,+33 4 94 82 64 01,,
commercial@parkingdupin.com,Parking du Pin,Fréjus,company,+33 4 94 95 58 50,https://www.parkingdupin.com,
parking.coullet@ville-saintraphael.fr,Parking Pierre Coullet,Fréjus,parking,+33 4 94 82 64 03,https://www.ville-saintraphael.fr/utile/mobilite/stationnement/annuaire/parking-coullet,
covid19@pascalcoste.com,PASCAL COSTE COIFFURE,Fréjus,,+33 4 94 17 94 85,http://www.pascalcoste.com/,440339471
contact@peintech.fr,PEINTECH,Fréjus,painter,+33 4 94 40 93 95,http://peintech.fr/?utm_source=gmb&utm_medium=referral,952900603
contact@peloola.com,Peloola,Saint-Raphaël,service,+33 6 68 53 18 10,https://peloola.com/,
clemelec@outlook.fr,PERRET Clément- Électricien saint-raphaël,Saint-Raphaël,electrician,+33 7 63 59 92 63,https://clem-elec.fr/,
contact@digitecpharma.fr,Pharmacie de Diane,Saint-Raphaël,pharmacy,+33 4 94 19 00 00,https://pharmaciedediane.fr/,
phiefrejusplage@gmail.com,Pharmacie de Fréjus plage MEDIPRIX,Fréjus,pharmacy,+33 4 94 51 43 32,https://grande-pharmacie-frejus-plage.fr/.,
siteweb@lesofficinales.fr,PHARMACIE DE LA MER,Fréjus,pharmacy,+33 4 94 95 06 10,https://pharmaciedelamer.les-officinales.org/,883118531
pharmaciedescigales@hotmail.com,PHARMACIE DES CIGALES,Fréjus,pharmacy,+33 4 89 99 30 10,https://pharmaciedescigales.giropharm.fr/,949904544
info@pharmadesgenets.fr,Pharmacie Des Genets,Saint-Raphaël,pharmacy,+33 4 94 95 93 87,http://www.pharmacie-des-genets.fr/?utm_source=gmb,
contact@mesoigner.fr,Pharmacie des Iles,Saint-Raphaël,pharmacy,+33 4 94 40 43 43,https://pharmaciedesiles-straphael.mesoigner.fr/,
info@phtographiechienfrejus.fr,Photo Chien Fréjus,Fréjus,service,+33 6 13 62 06 81,https://photographiechienfrejus.fr/,
copie@gweva.fr,Photocopie / Impression Saint-Raphaël,Saint-Raphaël,service,+33 4 94 39 04 10,https://imprimerie-saint-raphael.fr/,
contact@martyproductions.fr,Photographe/Vidéaste/ Site internet - Marty Productions,Fréjus,service,+33 6 01 19 45 84,https://martyproductions.fr/,
contact@edmond-solutions.fr,PI ENERGY,Fréjus,,+33 4 22 89 05 25,https://edmond-solutions.fr/?utm_source=Fiche+Google&utm_medium=GBP,521749085
contact@piccolasicilia-restaurantitalien.fr,Piccola Sicilia,Fréjus,restaurant,+33 4 94 83 11 32,https://www.piccolasicilia-restaurantitalien.fr/,
pilatescenter83@gmail.com,PILATES CENTER - Une vague de bien-être,Saint-Raphaël,wellness_center,+33 6 10 19 78 49,http://www.pilatescenter83.com/,
johndoe@wearesyde.com,Pimkie,Fréjus,clothes,+33 4 94 81 41 87,https://www.pimkie.fr,
contactsischiamia@gmail.com,Pizzeria ISCHIA MIA,Saint-Raphaël,restaurant,+33 4 89 99 34 11,https://pizzeria-ischia-mia-saint-raphael.eatbu.com/,
ecommerce@adveo.com,PLEIN CIEL CITY - PAPETERIE NOUVELLE,Saint-Raphaël,store,+33 4 94 17 54 33,https://lpnouvelle.pleinciel.fr/?utm_source=google&utm_medium=local&utm_campaign=Multidiffusion&utm_content=623&origin=GMB,
digital@points-france.fr,Point S - Fréjus (Azur Auto Services),Fréjus,car_repair,+33 4 94 55 32 21,https://www.points.fr/centre/azur-auto-service-frejus/?utm_campaign=gmb_Azur-Auto-Service-Frejus&utm_medium=organic&utm_source=google,
globe@2x.webp,Pointcode Saint-Raphaël - Centre d'examen du code la route,Saint-Raphaël,local_government_office,+33 4 98 13 00 45,https://scheduleassistant.pearsonvue.com/exam/ETG-CODE-FRA/test-centers/89318,
espace-famille@france-obseques.fr,Pompes Funèbres Libres Cristol Ghio,Fréjus,funeral_home,+33 4 94 53 71 22,https://www.france-obseques.fr/nos-agences/provence-alpes-cote-d-azur/var-83/frejus/83600-pompes-funebres-cristol-ghio-frejus-fun_fra083_068/fun_fra083_068/?utm_campaign=GMB&utm_content=fun_fra083_068&utm_medium=organic-local&utm_source=google,
dp-eu@ppg.com,PPG DISTRIBUTION (SKD),Fréjus,,+33 4 94 51 06 10,https://www.seigneuriegauthier.com/?utm_source=GMB&utm_campaign=Multidiffusion&utm_medium=local&utm_content=83C&origin=GMB,085580983
contact@prizoners.com,Prizoners,Fréjus,escape_game,,https://www.prizoners.com/agence/frejus,
contact@proas.fr,PRO ARCHIVES SYSTEMES (AGS RECORDS MANAGEMENT),Fréjus,,+33 2 51 70 94 00,http://www.proarchives-systemes.fr/,338183726
contact@proxiserve.fr,PROXISERVE,Fréjus,,+33 4 89 05 10 10,https://www.proxiserve.fr/agence/l/cagnes-sur-mer/chemin-des-travails/4072266,334873726
info@pugetplage.com,Puget Plage - Canoe Kayak,Fréjus,boat_rental,+33662430391,https://www.pugetplage.com/,
rinauber@hotmail.fr,Pépinière RINAUDO et Fils,Saint-Raphaël,farm,+33 4 94 95 00 83,https://rinaudoperesetfils.site-solocal.com/,
qipao@mf1977.com,Qipao,Fréjus,beauty,+33 4 22 47 06 00,https://www.qipao.fr/salons/frejus-148,
contact@qualiconsult.fr,QUALICONSULT,Fréjus,,,https://www.groupe-qualiconsult.fr/implantation/agence-frejus/,401449855
serviceclient@quatra-france.com,QUATRA FRANCE (ECOLOGIC'OIL-QUATRA) (ARD),Fréjus,,+33 805 69 41 69,https://fr.quatra.com/,444182075
webmaster@randstad.fr,RANDSTAD (RANDSTAD INHOUSE),Fréjus,,+33 4 94 52 19 76,https://www.randstad.fr/nos-agences/randstad-frejus_2977/?utm_source=google&utm_medium=organic&utm_campaign=mybusiness&utm_content=siteweb,433999356
remy@redyvisuals.fr,REDY Visuals,Fréjus,service,+33 7 83 26 90 72,http://redyvisuals.fr/,
puget@retif.eu,Retif,Fréjus,interior_decoration,+33 4 94 19 69 90,https://www.retif.eu,
contact.rexel@rexel.fr,REXEL FRANCE (INOVEHA),Fréjus,,+33 4 94 53 92 12,http://www.rexel.fr/frx,309304616
rheoli.assistance@gmail.com,RHEOLI Assistance,Saint-Raphaël,point_of_interest,+33 6 63 91 10 55,https://rheoli.fr/,
contact@royalcamping.net,Royal Camping,Saint-Raphaël,camp_site,+33 4 94 82 00 20,http://www.royalcamping.net,
support@webador.fr,RS électricité,Fréjus,electrician,+33 6 52 84 40 42,http://www.rs-electricite-entreprise.com/,
regis.bufalini@prescienceconseil.com,RUFF & ASSOCIÉS - Fréjus,Fréjus,consultant,+33 4 94 53 42 16,https://www.ruffetassocies.fr/,
ent.maison.laffont@gmail.com,"Rénovation, Ravalement et Peinture Façade | Maison Laffont Rénovation",Fréjus,painter,+33 6 61 42 48 06,http://www.maison-laffont-renovation.fr/,
residence-hermes@wandoo.fr,Résidence Hermès,Saint-Raphaël,social_facility,+33 4 94 17 22 22,https://www.hermes-sante.fr/residence-hermes-maison-de-retraite-medicalisee-_r_7.html,
contact@frequence122.com,S.Gerbron Osteo D.O,Saint-Raphaël,health,+33 7 66 12 94 72,https://www.frequence122.com/,
smpce.fg@gmail.com,S.M.P.C.E.,Fréjus,general_contractor,+33 4 94 40 17 63,https://monchauffagistefrejus.com/,442760401
le.mediateur@mediation-assurance.org,SAGESSE Assurances Fréjus - Cabinet ECEF,Fréjus,insurance_agency,+33 6 33 13 43 45,https://assurances-frejus.sagesse.fr/,
m.defrance@congres-saintraphael.com,Saint-Raphaël Congrès,Saint-Raphaël,conference_centre,,https://www.saint-raphael-congres.fr,
srcc@orange.fr,Saint-Raphaël Country Club (Baudino Clubhouse),Fréjus,,+33 4 94 83 60 07,https://www.tennissaintraphael.com/,
assrgr@hotmail.fr,Saint-Raphaël Gymnastique Rythmique,Saint-Raphaël,gym,+33 7 60 02 20 06,http://assrgr.fr/,
evolvegym83600@gmail.com,Salle de sport Fréjus - EVOLVE,Fréjus,fitness_center,,https://www.evolve-gym.fr/,
sasmonti83@gmail.com,Salons Center,Fréjus,furniture,+33 4 94 43 93 99,https://salons-center.fr/,
contact@sanagi.fr,SANAGI,Fréjus,service,+33 7 83 99 81 45,https://sanagi.fr/,
pradet@groupe-fossard-et-associes.com,SARL BONFIS,Saint-Raphaël,consultant,+33 4 94 95 43 50,https://www.groupefossard.com/,
de.castro@laposte.net,Sarl Chicken,Fréjus,restaurant,+33 4 94 52 11 80,https://www.lamaisondupouletfrejus.fr,
micaellicab@gmail.com,Sarl Micaelli,Fréjus,doctors,+33 6 70 46 86 67,,
contact@saskleparski.fr,SAS Kleparski,Fréjus,plumber,+33 7 60 44 10 20,https://saskleparski.fr/,
satoriz@satoriz.fr,Satoriz,Fréjus,supermarket,+33 4 94 43 87 35,https://www.satoriz.fr/,
kundenservice@schmidt-kuechen.de,Schmidt,Fréjus,kitchen,+33 4 94 40 24 24,https://www.home-design.schmidt,
webmaster@appel-medical.com,SELECT T.T. (EXPECTRA TT - APPEL MEDICAL - JBM BUREAU MEDICAL),Fréjus,,+33 4 98 11 03 72,https://www.appelmedical.com/agence/2987/?utm_source=google&utm_medium=organic&utm_campaign=gmb,304381379
contact@arnaud-sequier.fr,SEQUIER Arnaud Architecte DPLG,Fréjus,service,+33 4 94 83 46 96,http://www.arnaud-sequier.fr/,
3ss@wanadoo.fr,Sergent-Sarre S.C.M.,Saint-Raphaël,service,+33 4 94 95 27 34,http://www.sergent-sarre.fr/,
seriousbarber83600@gmail.com,Serious Barber & Hair Cut Fréjus,Fréjus,hair_salon,+33 9 75 52 45 98,http://www.seriousbarber.com/,
verybiketrip06@gmail.com,So Bike 83,Saint-Raphaël,bicycle_rental,,https://www.sobike-esterel.com/,
contact@snsm.org,SOC NATIONALE SAUVETAGE EN MER (SNSM),Fréjus,,+33 4 94 40 19 72,https://station-esterel.snsm.org/,775665029
dpd@canal-de-provence.comfor,SOCIETE DU CANAL DE PROVENCE ET D'AMENAGEMENT DE LA REGION PROVENCALE (SCP),Fréjus,,+33 4 42 66 70 00,https://canaldeprovence.com/,057813131
site.internet@snemm.fr,SOCIETE NATIONALE D'ENTRAIDE DE LA MEDAILLE MILITAIRE (SNEMM),Fréjus,,+33 1 45 22 82 95,http://www.snemm.fr/,342006491
mediation-franchise-consommateurs@franchise-fff.com,SoCoo'c,Fréjus,kitchen,+33 4 94 44 36 00,https://www.socooc.com/magasin/socooc-frejus,
webmaster@voiturechauffeurinde.com,SODISTOUR,Fréjus,,+33 6 79 89 73 72,http://www.voiturechauffeurinde.com/,338234891
ej.pubcom@gmail.com,SOLUTIONS PUB . COM,Fréjus,store,+33 7 77 38 09 07,http://www.solutions-pub.com/,
contact@institut-de-beaute-solea.fr,Soléa Institut de Beauté,Saint-Raphaël,beauty_salon,+33 7 81 19 45 16,https://www.institut-de-beaute-solea.fr/,
xxxxx@xxx.xxx,SONEPAR FRANCE DISTRIBUTION,Fréjus,,+33 4 94 51 00 65,https://www.sonepar.fr/fr-fr?utm_source=GMB&utm_medium=local&utm_campaign=Multidiffusion&utm_content=2T6&origin=GMB,824484653
s.moranville@laposte.net,SOS DÉBOUCHAGE 06/83 PLOMBIER & ELECTRICITÉ,Fréjus,service,+33 6 99 02 33 16,https://débouchagedurgence.fr/,
support@sumup.co.uk,Souffle de Beauté by Aurore,Saint-Raphaël,beauty_salon,,https://www.sumupbookings.com/souffle-de-beaute-by-aurore,
hello@mapszi.com,South kut,Fréjus,barber_shop,+33 9 85 02 71 33,https://frmaps.xyz/business/south-kut-4urf-nPM,
terres.akab@gmail.com,SPA AKAB,Fréjus,spa,+33 6 50 32 69 64,https://www.terresakab.com/,
ce.0831440p@ac-nice.fr,SPV LYCEES PROVENCE-ALPES-COTE D'AZUR,Fréjus,,+33 4 94 19 52 60,https://www.lyc-albert-camus.ac-nice.fr/,911111425
contact@ecole2conduite.fr,st raphael formation école de conduite,Fréjus,educational_institution,+33 4 94 19 02 30,http://www.ecole2conduite.fr/,
commercialvad01@serpe.fr,STE D'ENTRETIEN ET DE RESTAURATION DU PATRIMOINE ET DE L'ENVIRONNEMENT (SERPE),Fréjus,,+33 4 94 73 79 30,https://www.cannet-des-maures.serpe.fr/,345154694
story-france@story.fr,Story,Fréjus,furniture,+33 4 94 52 62 52,https://www.story.fr/magasins/frejus-story/,
contact@reseau-sport-sante-83.com,Studio Fitsanté,Fréjus,fitness_center,+33 6 98 41 60 85,http://www.reseau-sport-sante-83.com/,
contact@studiohehocom.fr,Studio Héhocom,Saint-Raphaël,service,+33 4 22 54 23 50,https://studiohehocom.fr/,
contact@studiolaroze.fr,STUDIO LA ROZE,Fréjus,service,+33 6 63 92 94 75,http://www.studiolaroze.fr/,
contact@regarddefemme.com,Studio Regard de Femme - Fabienne Ulmer Photographe,Saint-Raphaël,service,+33 6 11 68 11 32,https://regarddefemme.com/,
contact@mathieufiol.com,Studio Volute,Saint-Raphaël,service,+33 7 83 40 30 29,https://studiovolute.com/,
contact@garagebeguier.fr,Sté Exploitation des Ets Beguier,Saint-Raphaël,car_repair,+33 4 94 82 36 65,https://garagebeguier.fr/,
contact@sud-print.pro,Sud Print,Fréjus,manufacturer,+33 4 98 11 38 19,http://www.sud-print.pro/,
contactsudalu@gmail.com,Sudalu,Saint-Raphaël,point_of_interest,+33 6 59 91 50 56,https://sudalu.sitew.fr/,
supeco@carrefour.com,Supeco,Fréjus,supermarket,+33 4 94 53 43 42,https://www.supeco.fr/,
press@superdry.com,Superdry,Fréjus,clothes,,https://stores.superdry.com/fr/saint-raphael/quai-albert-1er,
contact@taste-gourmet.fr,Taste Gourmet,Saint-Raphaël,grocery_store,+33 4 94 54 62 69,http://www.taste-gourmet.fr/,
contact@techni-confort.com,Techni Confort,Fréjus,supplier,+33 4 94 52 17 48,http://www.techni-confort.com/?utm_source=gmb,
tennis.agay@wanadoo.fr,Tennis Club Agay,Saint-Raphaël,sport,+33 4 94 82 07 99,,
contact@visicod.com,TEPC SERVICES,Fréjus,electrician,+33 6 22 57 66 93,https://www.tepcservices.fr/,829455005
terres.destel@orange.fr,Terres d'Estel,Saint-Raphaël,winery,,https://www.terresdestel.com/,
contact@the-rooster.fr,The Rooster french gastro pub,Saint-Raphaël,restaurant,+33 4 98 21 10 47,http://the-rooster.fr/,
contact@stcingenierie.com,THERMIQUE SOLUTIONS INDUSTRIE COMMERCE (TSIC),Fréjus,,,https://stcingenierie.com/,848009452
contact@thermique-solutions.fr,THERMIQUE SOLUTIONS INDUSTRIE SNC,Fréjus,,+33 5 59 80 82 29,https://www.thermique-solutions.fr/,832737860
ticketbassano@gmail.com,"Ticket Brunchouse - Brunch, Lunch & More in Saint Raphaël",Saint-Raphaël,brunch_restaurant,+33 4 94 83 14 82,http://ticketbrunchouse.fr/,
tiptopconduite83@gmail.com,TIP TOP CONDUITE,Fréjus,educational_institution,+33 6 35 21 83 09,http://www.tip-topconduite.fr/,
info.tkeuk@tkelevator.com,TK ELEVATOR FRANCE,Fréjus,,+33 4 94 52 53 60,https://www.tkelevator.com/fr-fr/,722024742
contact@toiture-ravalement-concept.fr,Toiture et Ravalement Concept - Couvreur Saint-Raphaël 83,Saint-Raphaël,roofing_contractor,+33 4 98 13 12 26,https://toiture-ravalement-concept.fr/,
contact@tontongust.fr,Tonton Gust,Fréjus,restaurant,+33 4 98 23 15 79,https://www.tontongust.fr/,
atc-siege@atc-routesdumonde.com,TOURISTIQUE CHEMINOTS (ATC),Fréjus,,+33 1 46 07 56 65,https://www.atc-routesdumonde.com/routes-du-monde/,775678352
contact@traiteursaintraphael.fr,Traiteur Saint Raphaël,Saint-Raphaël,restaurant,+33 4 56 26 65 89,https://www.traiteursaintraphael.fr/,
siege@groupe-umane.fr,UMANE (UMANE),Fréjus,,+33 4 94 20 42 91,https://groupe-umane.fr/,300586179
serviceclient@unjourailleurs.com,Un Jour Ailleurs,Fréjus,clothes,+33 4 94 95 62 91,https://www.unjourailleurs.com/fr/,
scolarite.iut@univ-tln.fr,Université du Sud Toulon - Var IUT de Toulon site de Saint-Raphael,Fréjus,college,+33 4 94 19 66 02,https://iut.univ-tln.fr/,
uship.saintraphael@gmail.com,Uship Saint-Raphaël,Fréjus,ship_chandler,+33 4 94 95 93 75,https://www.uship.fr/magasin/esterel-nautic-83700-saint-raphael,
license@php.net,V. Xueref Architecte,Fréjus,service,+33 6 08 00 16 37,http://www.vx-architecture.com/,
contact@o2toit.fr,VALHIOS 2,Fréjus,,+33 4 94 51 83 31,https://o2toit.fr/,953594447
contact@varsportnature.com,Var Sport Nature,Fréjus,sports_club,+33 6 17 76 80 45,http://www.varsportnature.com/,
serviceclient@verisure.fr,VERISURE (VERISURE),Fréjus,,+33 800 74 10 01,https://www.verisure.fr/nos-agences/agence-frejus?origine=SEO_Verisure_gmaps&utm_campaign=SEO_Verisure_gmaps_CTA_BTN_fevrier2022&utm_medium=SEO&utm_source=SEO_Verisure,345006027
vetaurelia@outlook.com,VETAURELIA,Fréjus,veterinary_care,+33 4 94 51 16 99,http://www.veterinaire-frejus.com/,
info@eredicaimi.it,Villa Domaine du Golf,Saint-Raphaël,apartment,+33 9 56 39 78 51,https://villa-domain-du-golf.business.site/,
contact@sevea.fr,Villaverde Frejus,Fréjus,furniture_store,+33 4 98 12 76 30,https://www.villaverde.fr/villaverde-frejus,
virginiemichelin.osteo@gmail.com,Virginie MICHELIN,Fréjus,health,+33 7 88 36 43 34,http://www.osteopathe-michelin.com/,
conseils@florencevoisin.fr,Voisin Florence,Fréjus,lawyer,+33 7 68 75 94 93,https://florencevoisin.fr/,
relations.clients@volkswagengroup.fr,Volkswagen,Fréjus,car,+33 4 94 44 59 29,https://www.volkswagen.fr/fr/partenaire/carepolis-pugetsurargens.html,
contact@yussimi.fr,Yussimi,Fréjus,store,,https://www.yussimi.fr/,
info@zen-attitude-83.net,ZeN'ATtitude Massages Bien-Être by Nathalie,Fréjus,massage,+33 6 25 24 12 02,https://www.zen-attitude-83.net/,
contact@zenitude-groupe.com,Zenitude Hôtel et Résidence,Fréjus,hotel,+33 4 94 17 84 50,https://zenitude-hotel-residences.com/residences/12/153/frejus-3-la-tour-de-mare.htm,
service.client@ecoutervoir.fr,Écouter Voir Optique Mutualiste,Saint-Raphaël,store,+33 4 94 83 02 60,https://www.ecoutervoir.fr/trouver-un-magasin/saint-raphael,
